time_ms,temp_c,temp_k,adc
593,0.25,273.40,1013
2104,0.25,273.40,1014
3615,0.31,273.46,1015
5126,0.31,273.46,1017
6637,0.31,273.46,1017
8147,0.25,273.40,1017
9659,0.25,273.40,1013
11169,0.19,273.34,1015
12681,0.25,273.40,1015
14191,0.19,273.34,1016
15703,0.19,273.34,1015
17213,0.25,273.40,1016
18724,0.25,273.40,1014
20235,0.25,273.40,1017
21746,0.25,273.40,1016
23258,0.25,273.40,1015
24768,0.25,273.40,1018
26279,0.25,273.40,1017
27790,0.31,273.46,1016
29301,0.31,273.46,1015
30812,0.31,273.46,1016
32323,0.37,273.52,1016
33833,0.37,273.52,1016
35345,0.37,273.52,1014
36855,0.44,273.59,1016
38367,0.44,273.59,1015
39877,0.50,273.65,1015
41389,0.50,273.65,1016
42899,0.50,273.65,1015
44410,0.50,273.65,1016
45921,0.56,273.71,1016
47432,0.50,273.65,1016
48943,0.56,273.71,1017
50454,0.63,273.77,1015
51964,0.56,273.71,1017
53476,0.63,273.77,1016
54986,0.63,273.77,1015
56498,0.63,273.77,1015
58008,0.63,273.77,1015
59520,0.63,273.77,1016
61030,0.69,273.84,1018
62541,0.81,273.96,1016
64052,0.81,273.96,1016
65563,0.94,274.09,1017
67074,1.00,274.15,1015
68585,1.00,274.15,1015
70095,1.06,274.21,1018
71607,1.06,274.21,1017
73117,1.12,274.27,1017
74629,1.12,274.27,1016
76139,1.06,274.21,1017
77650,1.06,274.21,1015
79161,1.12,274.27,1014
80671,1.12,274.27,1012
82183,1.19,274.34,1015
83693,1.19,274.34,1015
85204,1.25,274.40,1015
86715,1.25,274.40,1016
88226,1.12,274.27,1016
89737,1.25,274.40,1014
91248,1.31,274.46,1016
92759,1.31,274.46,1017
94270,1.25,274.40,1015
95781,1.25,274.40,1015
97292,1.25,274.40,1015
98803,1.31,274.46,1016
100314,1.31,274.46,1014
101825,1.37,274.52,1015
103335,1.37,274.52,1016
104847,1.37,274.52,1016
106357,1.37,274.52,1015
107869,1.37,274.52,1016
109379,1.37,274.52,1016
110891,1.31,274.46,1016
112401,1.31,274.46,1018
113912,1.25,274.40,1016
115423,1.25,274.40,1015
116934,1.31,274.46,1016
118446,1.44,274.59,1016
119956,1.44,274.59,1016
121467,1.44,274.59,1016
122978,1.37,274.52,1018
124489,1.37,274.52,1016
126000,1.37,274.52,1016
127511,1.31,274.46,1018
129021,1.37,274.52,1015
130533,1.37,274.52,1015
132044,1.37,274.52,1016
133555,1.37,274.52,1015
135066,1.37,274.52,1014
136577,1.44,274.59,1016
138088,1.44,274.59,1017
139598,1.50,274.65,1015
141110,1.50,274.65,1016
142620,1.56,274.71,1015
144132,1.63,274.77,1016
145642,1.56,274.71,1017
147153,1.56,274.71,1015
148665,1.56,274.71,1015
150175,1.56,274.71,1015
151687,1.56,274.71,1018
153197,1.69,274.84,1014
154708,1.69,274.84,1015
156219,1.69,274.84,1015
157730,1.69,274.84,1016
159241,1.75,274.90,1016
160752,1.75,274.90,1015
162264,1.75,274.90,1015
163774,1.75,274.90,1016
165285,1.75,274.90,1015
166796,1.81,274.96,1016
168307,1.75,274.90,1015
169818,1.81,274.96,1017
171329,1.81,274.96,1018
172839,1.75,274.90,1016
174351,1.81,274.96,1016
175861,1.81,274.96,1015
177373,1.81,274.96,1017
178883,1.81,274.96,1015
180395,1.81,274.96,1016
181905,1.81,274.96,1018
183416,1.75,274.90,1018
184927,1.81,274.96,1016
186438,1.81,274.96,1016
187949,1.75,274.90,1015
189460,1.75,274.90,1015
190971,1.69,274.84,1019
192482,1.69,274.84,1018
193993,1.69,274.84,1015
195504,1.69,274.84,1017
197015,1.69,274.84,1016
198525,1.75,274.90,1015
200037,1.81,274.96,1015
201547,1.81,274.96,1017
203059,1.81,274.96,1017
204569,1.81,274.96,1016
206081,1.81,274.96,1016
207591,1.75,274.90,1015
209102,1.81,274.96,1018
210613,1.81,274.96,1017
212124,1.69,274.84,1016
213636,1.75,274.90,1014
215146,1.81,274.96,1017
216657,1.81,274.96,1016
218168,1.75,274.90,1016
219679,1.81,274.96,1016
221190,1.75,274.90,1015
222701,1.81,274.96,1015
224211,1.75,274.90,1016
225723,1.75,274.90,1015
227233,1.75,274.90,1016
228745,1.75,274.90,1016
230256,1.81,274.96,1016
231767,1.75,274.90,1007
233278,1.75,274.90,1017
234788,1.75,274.90,1014
236300,1.75,274.90,1015
237810,1.75,274.90,1015
239322,1.75,274.90,1015
240832,1.75,274.90,1014
242343,1.75,274.90,1013
243854,1.75,274.90,1015
245365,1.75,274.90,1014
246876,1.75,274.90,1016
248387,1.75,274.90,1015
249899,1.75,274.90,1015
251409,1.81,274.96,1011
252920,1.81,274.96,1017
254431,1.81,274.96,1015
255942,1.88,275.02,1015
257453,1.94,275.09,1017
258964,2.00,275.15,1015
260474,2.06,275.21,1016
261986,2.19,275.34,1014
263496,2.25,275.40,1017
265008,2.38,275.52,1018
266518,2.56,275.71,1014
268029,2.69,275.84,1015
269540,2.88,276.02,1016
271051,3.00,276.15,1014
272562,3.19,276.34,1014
274073,3.31,276.46,1015
275584,3.50,276.65,1016
277095,3.69,276.84,1018
278605,3.88,277.02,1016
280117,4.06,277.21,1016
281628,4.25,277.40,1015
283139,4.44,277.59,1015
284650,4.63,277.77,1016
286160,4.75,277.90,1017
287672,4.94,278.09,1018
289182,5.19,278.34,1016
290694,5.25,278.40,1016
292204,5.44,278.59,1014
293715,5.63,278.77,1014
295226,5.69,278.84,1016
296737,5.75,278.90,1018
298248,5.94,279.09,1015
299759,6.06,279.21,1015
301270,6.13,279.27,1015
302781,6.19,279.34,1014
304292,6.31,279.46,1015
305803,6.38,279.52,1015
307314,6.44,279.59,1016
308825,6.50,279.65,1018
310336,6.50,279.65,1016
311846,6.63,279.77,1015
313358,6.75,279.90,1016
314868,6.88,280.02,1016
316380,7.00,280.15,1014
317891,7.06,280.21,1016
319401,7.19,280.34,1016
320913,7.38,280.52,1014
322423,7.63,280.77,1016
323935,8.00,281.15,1018
325445,8.19,281.34,1016
326957,8.44,281.59,1015
328468,8.56,281.71,1014
329978,8.63,281.77,1016
331490,8.75,281.90,1015
333001,8.75,281.90,1014
334512,8.75,281.90,1015
336023,8.81,281.96,1016
337533,8.88,282.02,1016
339045,8.94,282.09,1017
340556,9.06,282.21,1014
342067,9.19,282.34,1017
343578,9.44,282.59,1018
345090,9.63,282.77,1016
346601,9.81,282.96,1017
348111,9.94,283.09,1014
349623,10.06,283.21,1015
351134,10.19,283.34,1015
352646,10.31,283.46,1015
354156,10.38,283.52,1016
355667,10.44,283.59,1017
357179,10.44,283.59,1016
358690,10.56,283.71,1017
360202,10.63,283.77,1015
361712,10.69,283.84,1013
363224,10.75,283.90,1014
364735,10.75,283.90,1013
366246,10.88,284.02,1015
367758,10.94,284.09,1016
369268,11.00,284.15,1016
370780,11.13,284.27,1015
372291,11.19,284.34,1016
373803,11.25,284.40,1013
375314,11.38,284.52,1015
376824,11.56,284.71,1015
378336,11.69,284.84,1016
379847,11.81,284.96,1015
381359,11.94,285.09,1016
382870,12.13,285.27,1015
384381,12.38,285.52,1015
385893,12.44,285.59,1014
387404,12.50,285.65,1014
388916,12.56,285.71,1014
390427,12.75,285.90,1016
391939,12.81,285.96,1018
393450,12.94,286.09,1016
394961,13.13,286.27,1016
396473,13.25,286.40,1012
397984,13.38,286.52,1017
399496,13.44,286.59,1018
401007,13.63,286.77,1017
402519,13.81,286.96,1013
404030,13.94,287.09,1012
405541,14.00,287.15,1018
407053,14.13,287.27,1016
408565,14.31,287.46,1015
410077,14.50,287.65,1015
411588,14.69,287.84,1012
413100,15.00,288.15,1014
414611,15.19,288.34,1015
416122,15.31,288.46,1015
417635,15.31,288.46,1016
419146,15.38,288.52,1017
420658,15.50,288.65,1017
422169,15.63,288.77,1018
423682,15.81,288.96,1018
425193,15.94,289.09,1015
426704,16.19,289.34,1017
428217,16.37,289.52,1015
429728,16.62,289.77,1013
431241,16.87,290.02,1015
432752,17.06,290.21,1016
434265,17.44,290.59,1015
435776,17.62,290.77,1016
437288,17.81,290.96,1015
438800,18.06,291.21,1018
440312,18.31,291.46,1017
441825,18.50,291.65,1014
443336,18.69,291.84,1014
444849,18.94,292.09,1017
446361,19.12,292.27,1013
447873,19.37,292.52,1016
449385,19.62,292.77,1014
450897,19.81,292.96,1014
452410,20.06,293.21,1015
453922,20.37,293.52,1018
455435,20.62,293.77,1016
456947,20.94,294.09,1016
458460,21.19,294.34,1014
459972,21.44,294.59,1014
461485,21.69,294.84,1016
462998,21.94,295.09,1013
464510,22.19,295.34,1014
466023,22.44,295.59,1016
467535,22.69,295.84,1015
469049,22.94,296.09,1013
470561,23.25,296.40,1017
472074,23.50,296.65,1013
473587,23.75,296.90,1016
475100,24.06,297.21,1017
476613,24.37,297.52,1010
478127,24.62,297.77,1015
479640,24.94,298.09,1016
481153,25.19,298.34,1013
482666,25.50,298.65,1014
484179,25.75,298.90,1016
485693,26.06,299.21,1015
487206,26.37,299.52,1015
488720,26.62,299.77,1013
490233,26.87,300.02,1017
491747,27.12,300.27,1016
493260,27.50,300.65,1018
494775,27.69,300.84,1014
496288,28.00,301.15,1013
497802,28.19,301.34,1012
499316,28.44,301.59,1012
500830,28.75,301.90,1014
502344,29.00,302.15,1015
503858,29.25,302.40,1015
505372,29.44,302.59,1014
506887,29.56,302.71,1015
508401,29.81,302.96,1015
509915,30.00,303.15,1018
511429,30.25,303.40,1017
512944,30.50,303.65,1014
514458,30.75,303.90,1017
515973,30.94,304.09,1014
517487,31.19,304.34,1014
519003,31.50,304.65,1015
520517,31.87,305.02,1013
522032,32.38,305.52,1017
523547,32.81,305.96,1015
525063,33.13,306.27,1018
526577,33.56,306.71,1016
528093,34.00,307.15,1016
529608,34.44,307.59,1013
531124,34.81,307.96,1013
532639,35.25,308.40,1013
534156,35.56,308.71,1014
535671,35.75,308.90,1017
537187,36.00,309.15,1017
538703,36.50,309.65,1016
540219,36.75,309.90,1017
541735,37.06,310.21,1017
543252,37.25,310.40,1018
544768,37.44,310.59,1018
546284,37.63,310.77,1011
547801,37.88,311.02,1012
549317,38.19,311.34,1016
550834,38.38,311.52,1019
552350,38.69,311.84,1014
553868,38.94,312.09,1011
555384,39.25,312.40,1015
556901,39.69,312.84,1017
558418,39.94,313.09,1022
559935,40.13,313.27,1016
561453,40.38,313.52,1015
562970,40.56,313.71,1010
564487,40.69,313.84,1010
566004,41.00,314.15,1018
567522,41.06,314.21,1019
569039,41.31,314.46,1015
570557,41.50,314.65,1013
572075,41.75,314.90,1012
573592,41.94,315.09,1015
575110,42.19,315.34,1019
576627,42.38,315.52,1017
578146,42.50,315.65,1019
579663,42.69,315.84,1019
581181,43.06,316.21,1020
582700,43.38,316.52,1019
584218,43.69,316.84,1019
585736,43.88,317.02,1017
587254,44.19,317.34,1018
588773,44.38,317.52,1016
590291,44.63,317.77,1020
591810,44.88,318.02,1015
593330,45.19,318.34,1009
594848,45.38,318.52,1007
596367,45.56,318.71,1010
597885,45.81,318.96,1019
599405,46.00,319.15,1019
600924,46.25,319.40,1017
602443,46.44,319.59,1008
603963,46.69,319.84,1015
605483,47.00,320.15,1018
607001,47.25,320.40,1020
608521,47.50,320.65,1022
610040,47.75,320.90,1022
611561,48.00,321.15,1022
613081,48.25,321.40,1021
614600,48.50,321.65,1019
616120,48.75,321.90,1019
617640,48.94,322.09,1019
619161,49.13,322.27,1017
620681,49.25,322.40,1016
622201,49.38,322.52,1015
623722,49.63,322.77,1016
625242,50.06,323.21,1020
626762,50.50,323.65,1021
628284,50.88,324.02,1020
629805,51.00,324.15,1018
631325,51.13,324.27,1015
632846,51.38,324.52,1011
634368,51.50,324.65,1009
635888,51.75,324.90,1008
637410,52.13,325.27,1017
638930,52.38,325.52,1023
640452,52.56,325.71,1023
641974,52.75,325.90,1020
643495,53.06,326.21,1021
645017,53.19,326.34,1020
646539,53.50,326.65,1019
648060,53.69,326.84,1020
649583,54.00,327.15,1021
651105,54.25,327.40,1020
652626,54.38,327.52,1019
654149,54.56,327.71,1019
655672,54.88,328.02,1022
657193,55.06,328.21,1020
658716,55.25,328.40,1013
660239,55.50,328.65,1009
661762,55.69,328.84,1010
663284,55.94,329.09,1007
664807,56.19,329.34,1012
666330,56.38,329.52,1019
667853,56.56,329.71,1023
669376,56.75,329.90,1021
670899,56.88,330.02,1017
672422,57.06,330.21,1008
673945,57.31,330.46,1008
675469,57.50,330.65,1019
676993,57.69,330.84,1023
678516,57.94,331.09,1012
680040,58.13,331.27,1011
681564,58.31,331.46,1023
683087,58.44,331.59,1013
684611,58.56,331.71,1008
686135,58.69,331.84,1023
687659,58.88,332.02,1015
689182,59.06,332.21,1010
690706,59.31,332.46,1018
692231,59.50,332.65,1018
693754,59.69,332.84,1007
695279,59.81,332.96,1021
696803,59.94,333.09,1023
698328,60.00,333.15,1010
699851,60.19,333.34,1013
701376,60.25,333.40,1019
702901,60.31,333.46,1023
704424,60.50,333.65,560
705949,60.63,333.77,1006
707474,60.88,334.02,1023
708999,61.13,334.27,1020
710523,61.25,334.40,1006
712049,61.44,334.59,1023
713574,61.56,334.71,1019
715099,61.56,334.71,1010
716623,61.69,334.84,1023
718148,61.88,335.02,1007
719674,62.00,335.15,1020
721199,62.13,335.27,1011
722724,62.19,335.34,1018
724249,62.38,335.52,1012
725775,62.44,335.59,1015
727301,62.50,335.65,1016
728825,62.50,335.65,1015
730351,62.69,335.84,1021
731877,62.75,335.90,1006
733402,62.81,335.96,1023
734927,62.88,336.02,1008
736453,63.00,336.15,1013
737979,63.06,336.21,1023
739505,63.19,336.34,1007
741030,63.31,336.46,1011
742556,63.44,336.59,1023
744082,63.56,336.71,1020
745608,63.69,336.84,1003
747133,63.81,336.96,1013
748659,63.94,337.09,1023
750186,64.00,337.15,1020
751712,64.06,337.21,1005
753238,64.19,337.34,1012
754764,64.31,337.46,1023
756290,64.44,337.59,1008
757817,64.50,337.65,1013
759344,64.62,337.77,1023
760869,64.81,337.96,1003
762396,64.94,338.09,1022
763923,65.00,338.15,1009
765449,65.12,338.27,1023
766976,65.25,338.40,1011
768502,65.50,338.65,1017
770029,65.56,338.71,1019
771556,65.69,338.84,1008
773083,65.81,338.96,1023
774609,66.00,339.15,1009
776137,66.12,339.27,1020
777664,66.25,339.40,1023
779191,66.37,339.52,1009
780718,66.50,339.65,1023
782245,66.56,339.71,1017
783772,66.62,339.77,1008
785300,66.69,339.84,1023
786827,66.81,339.96,1014
788355,66.94,340.09,1006
789881,67.12,340.27,1023
791409,67.37,340.52,1018
792937,67.44,340.59,1006
794465,67.56,340.71,1023
795992,67.62,340.77,1012
797519,67.69,340.84,1005
799047,67.81,340.96,1019
800575,67.94,341.09,1023
802103,68.06,341.21,1006
803631,68.19,341.34,1014
805159,68.19,341.34,1023
806687,68.25,341.40,1010
808215,68.37,341.52,1007
809743,68.50,341.65,1022
811271,68.56,341.71,1019
812800,68.62,341.77,1007
814327,68.75,341.90,1022
815856,68.81,341.96,1015
817384,68.87,342.02,1003
818913,69.00,342.15,1023
820441,69.12,342.27,1010
821969,69.19,342.34,1017
823497,69.31,342.46,1016
825026,69.37,342.52,1022
826555,69.44,342.59,1007
828083,69.50,342.65,1017
829612,69.56,342.71,1014
831140,69.62,342.77,1016
832669,69.62,342.77,1016
834197,69.75,342.90,1015
835726,69.87,343.02,1013
837255,69.94,343.09,1015
838784,69.94,343.09,1016
840312,69.94,343.09,1017
841841,69.94,343.09,1016
843370,69.94,343.09,1015
844899,69.94,343.09,1016
846427,70.00,343.15,1013
847955,70.06,343.21,1018
849484,70.12,343.27,1023
851013,70.25,343.40,1001
852542,70.44,343.59,1021
854071,70.69,343.84,1022
855601,70.81,343.96,1002
857129,71.00,344.15,1023
858658,71.12,344.27,1011
860188,71.25,344.40,1016
861717,71.31,344.46,1018
863247,71.37,344.52,1001
864777,71.44,344.59,1023
866306,71.56,344.71,1003
867835,71.69,344.84,1020
869365,71.81,344.96,1023
870894,71.94,345.09,1003
872424,72.00,345.15,1023
873954,72.12,345.27,1015
875484,72.19,345.34,1003
877014,72.31,345.46,1023
878543,72.44,345.59,1013
880073,72.50,345.65,1009
881603,72.69,345.84,1023
883133,72.81,345.96,1002
884663,72.87,346.02,1023
886194,72.94,346.09,1012
887724,73.00,346.15,1014
889253,73.06,346.21,1023
890783,73.12,346.27,1002
892314,73.25,346.40,1023
893844,73.31,346.46,1008
895374,73.37,346.52,1016
896905,73.44,346.59,1023
898435,73.56,346.71,999
899965,73.62,346.77,1023
901495,73.69,346.84,1002
903026,73.75,346.90,1002
904557,73.81,346.96,1015
906087,73.87,347.02,1015
907618,73.87,347.02,1015
909149,73.94,347.09,1014
910679,74.00,347.15,1015
912209,74.00,347.15,1014
913740,74.00,347.15,1017
915270,74.06,347.21,1015
916801,74.06,347.21,1015
918332,74.12,347.27,1014
919862,74.19,347.34,1017
921393,74.19,347.34,1013
922924,74.25,347.40,1018
924454,74.31,347.46,1015
925985,74.37,347.52,1015
927516,74.50,347.65,1016
929047,74.56,347.71,1013
930578,74.62,347.77,1015
932109,74.75,347.90,1016
933640,74.81,347.96,1014
935171,74.87,348.02,1016
936701,74.94,348.09,1016
938232,74.94,348.09,1017
939763,75.00,348.15,1013
941294,75.12,348.27,1015
942826,75.19,348.34,1017
944357,75.25,348.40,1012
945888,75.31,348.46,1012
947420,75.37,348.52,1016
948951,75.50,348.65,1018
950481,75.50,348.65,1016
952013,75.56,348.71,1010
953544,75.69,348.84,1016
955076,75.69,348.84,1015
956608,75.75,348.90,1015
958139,75.81,348.96,996
959671,75.94,349.09,1012
961202,76.12,349.27,1023
962734,76.25,349.40,1023
964265,76.44,349.59,1012
965797,76.56,349.71,999
967329,76.94,350.09,1002
968862,77.25,350.40,1020
970394,77.44,350.59,1023
971926,77.62,350.77,1023
973459,78.00,351.15,1013
974992,78.50,351.65,994
976525,79.00,352.15,1000
978058,79.19,352.34,1015
979592,79.31,352.46,1023
981125,79.31,352.46,1023
982658,79.50,352.65,1023
984192,79.69,352.84,1021
985725,80.06,353.21,1017
987258,80.44,353.59,1013
988793,80.81,353.96,1011
990327,81.31,354.46,1014
991862,81.81,354.96,1019
993396,82.12,355.27,1023
994931,82.44,355.59,1023
996466,82.69,355.84,1023
998001,82.94,356.09,1023
999537,83.12,356.27,1023
1001072,83.44,356.59,1023
1002608,83.87,357.02,1017
1004144,84.19,357.34,1007
1005679,83.62,356.77,1008
1007214,82.75,355.90,1009
1008748,82.06,355.21,1013
1010283,81.62,354.77,1018
1011817,81.31,354.46,1023
1013351,80.94,354.09,1023
1014885,80.75,353.90,1021
1016419,80.69,353.84,1017
1017953,80.62,353.77,1016
1019487,80.81,353.96,1014
1021021,81.12,354.27,1014
1022555,81.44,354.59,1017
1024090,81.75,354.90,1015
1025624,82.06,355.21,1016
1027159,82.31,355.46,1011
1028694,82.56,355.71,1021
1030228,82.50,355.65,1023
1031763,82.44,355.59,1023
1033297,82.44,355.59,1023
1034832,82.44,355.59,1015
1036367,82.37,355.52,1009
1037902,82.25,355.40,1004
1039436,82.19,355.34,1006
1040971,82.00,355.15,1005
1042505,81.81,354.96,1017
1044040,81.75,354.90,1022
1045574,81.69,354.84,1023
1047109,81.56,354.71,1023
1048643,81.50,354.65,1023
1050177,81.44,354.59,1023
1051711,81.44,354.59,1023
1053246,81.56,354.71,1023
1054780,81.75,354.90,1021
1056315,81.87,355.02,1014
1057849,81.94,355.09,1006
1059384,81.94,355.09,999
1060918,82.00,355.15,1000
1062453,82.00,355.15,1002
1063987,82.06,355.21,1014
1065522,82.19,355.34,1021
1067057,82.25,355.40,1023
1068591,82.44,355.59,1019
1070126,82.62,355.77,1015
1071661,82.75,355.90,1014
1073196,82.94,356.09,1017
1074731,83.12,356.27,1015
1076267,83.37,356.52,1015
1077801,83.56,356.71,1016
1079336,83.37,356.52,1015
1080871,83.12,356.27,1015
1082406,83.06,356.21,1015
1083941,83.00,356.15,1013
1085476,83.00,356.15,1023
1087011,83.00,356.15,1023
1088546,83.00,356.15,1020
1090081,83.00,356.15,1023
1091616,83.12,356.27,1016
1093151,83.12,356.27,1015
1094687,83.12,356.27,1015
1096221,83.12,356.27,1011
1097756,83.12,356.27,1010
1099292,83.12,356.27,1008
1100827,83.12,356.27,1002
1102362,83.06,356.21,999
1103897,83.06,356.21,993
1105432,83.06,356.21,993
1106967,83.12,356.27,994
1108502,83.19,356.34,992
1110037,83.19,356.34,997
1111572,83.25,356.40,998
1113107,83.25,356.40,1000
1114642,83.31,356.46,1003
1116178,83.44,356.59,998
1117713,83.44,356.59,998
1119248,83.50,356.65,992
1120783,83.56,356.71,997
1122319,83.62,356.77,999
1123854,83.75,356.90,1001
1125389,83.75,356.90,1004
1126925,83.81,356.96,1005
1128460,83.94,357.09,1009
1129996,84.06,357.21,1012
1131532,84.19,357.34,1012
1133067,84.25,357.40,1011
1134603,84.37,357.52,1014
1136139,84.37,357.52,1020
1137674,84.37,357.52,1023
1139210,84.50,357.65,1023
1140746,84.56,357.71,1023
1142282,84.69,357.84,1023
1143818,84.75,357.90,1023
1145354,84.81,357.96,1023
1146890,84.87,358.02,1023
1148426,84.94,358.09,1021
1149962,84.94,358.09,1008
1151498,85.06,358.21,997
1153034,85.12,358.27,998
1154570,85.19,358.34,1015
1156106,85.25,358.40,1023
1157642,85.31,358.46,1023
1159179,85.44,358.59,1016
1160715,85.56,358.71,998
1162251,85.62,358.77,993
1163788,85.75,358.90,998
1165324,85.81,358.96,1011
1166861,85.87,359.02,1017
1168397,85.94,359.09,1021
1169934,86.06,359.21,1023
1171471,86.12,359.27,1023
1173007,86.25,359.40,1023
1174544,86.37,359.52,1023
1176081,86.44,359.59,1017
1177618,86.50,359.65,1000
1179155,86.62,359.77,992
1180692,86.69,359.84,995
1182229,86.75,359.90,1018
1183766,86.87,360.02,1023
1185303,86.94,360.09,1023
1186840,87.06,360.21,1023
1188377,87.12,360.27,1018
1189914,87.25,360.40,1009
1191452,87.31,360.46,1000
1192989,87.44,360.59,998
1194526,87.50,360.65,987
1196064,87.62,360.77,999
1197601,87.75,360.90,1000
1199139,87.87,361.02,1015
1200676,88.00,361.15,1023
1202214,88.12,361.27,1023
1203752,88.19,361.34,1023
1205289,88.37,361.52,1023
1206828,88.50,361.65,1012
1208366,88.69,361.84,993
1209904,88.81,361.96,990
1211442,88.94,362.09,1014
1212981,89.06,362.21,1023
1214519,89.25,362.40,1023
1216057,89.31,362.46,1022
1217596,89.37,362.52,1002
1219134,89.50,362.65,995
1220673,89.62,362.77,1008
1222211,89.75,362.90,1023
1223750,89.87,363.02,1023
1225288,90.00,363.15,1013
1226827,90.12,363.27,990
1228366,90.25,363.40,1001
1229905,90.37,363.52,1023
1231444,90.50,363.65,1023
1232984,90.75,363.90,1018
1234523,90.81,363.96,996
1236062,90.94,364.09,990
1237601,91.06,364.21,1011
1239141,91.19,364.34,1023
1240680,91.25,364.40,1023
1242219,91.37,364.52,1023
1243759,91.50,364.65,1003
1245298,91.56,364.71,991
1246838,91.69,364.84,1012
1248378,91.75,364.90,1023
1249917,91.81,364.96,1023
1251458,91.87,365.02,995
1252998,92.00,365.15,1000
1254538,92.06,365.21,1023
1256077,92.19,365.34,1023
1257617,92.25,365.40,1011
1259157,92.31,365.46,992
1260697,92.44,365.59,992
1262237,92.50,365.65,1014
1263777,92.56,365.71,1023
1265317,92.69,365.84,1023
1266859,92.75,365.90,1023
1268399,92.81,365.96,1013
1269939,92.87,366.02,991
1271479,93.00,366.15,998
1273020,93.12,366.27,1013
1274560,93.19,366.34,1023
1276100,93.31,366.46,1023
1277641,93.37,366.52,1009
1279182,93.50,366.65,993
1280722,93.62,366.77,1018
1282264,93.69,366.84,1023
1283805,93.81,366.96,1012
1285345,93.87,367.02,992
1286886,94.00,367.15,1023
1288427,94.12,367.27,1023
1289968,94.25,367.40,998
1291509,94.31,367.46,997
1293050,94.44,367.59,1023
1294592,94.56,367.71,1023
1296133,94.62,367.77,990
1297674,94.69,367.84,1000
1299216,94.75,367.90,1023
1300757,94.87,368.02,1023
1302299,94.94,368.09,991
1303840,95.06,368.21,1017
1305381,95.19,368.34,1023
1306924,95.31,368.46,1007
1308466,95.44,368.59,995
1310007,95.50,368.65,1023
1311549,95.62,368.77,1023
1313091,95.69,368.84,988
1314632,95.81,368.96,1012
1316174,95.81,368.96,1023
1317716,95.94,369.09,1019
1319259,96.00,369.15,988
1320801,96.06,369.21,1002
1322343,96.12,369.27,1023
1323885,96.19,369.34,1023
1325427,96.25,369.40,1001
1326970,96.31,369.46,994
1328513,96.37,369.52,1015
1330055,96.44,369.59,1023
1331597,96.50,369.65,1023
1333139,96.56,369.71,1014
1334682,96.56,369.71,993
1336224,96.56,369.71,997
1337766,96.62,369.77,1017
1339309,96.62,369.77,1023
1340852,96.69,369.84,1023
1342394,96.75,369.90,1023
1343936,96.69,369.84,1002
1345479,96.75,369.90,994
1347021,96.81,369.96,1016
1348564,96.81,369.96,1023
1350107,96.81,369.96,1015
1351649,96.87,370.02,991
1353192,96.87,370.02,1023
1354734,96.87,370.02,1013
1356277,96.94,370.09,1006
1357819,96.94,370.09,1023
1359363,96.94,370.09,998
1360905,97.00,370.15,1023
1362447,96.94,370.09,1003
1363990,96.94,370.09,1017
1365532,96.94,370.09,1023
1367075,96.94,370.09,993
1368617,97.00,370.15,1022
1370160,96.94,370.09,1023
1371703,96.94,370.09,1000
1373245,96.94,370.09,1010
1374788,97.00,370.15,1023
1376330,97.00,370.15,1016
1377873,97.00,370.15,999
1379416,97.00,370.15,1021
1380959,97.00,370.15,1023
1382501,97.06,370.21,1002
1384044,97.00,370.15,1004
1385586,97.06,370.21,1023
1387129,97.06,370.21,1014
1388672,97.06,370.21,999
1390215,97.12,370.27,1023
1391757,97.12,370.27,1018
1393300,97.12,370.27,997
1394842,97.19,370.34,1023
1396385,97.19,370.34,1009
1397928,97.19,370.34,1010
1399471,97.19,370.34,1023
1401014,97.19,370.34,1000
1402556,97.19,370.34,1017
1404099,97.19,370.34,1023
1405641,97.12,370.27,997
1407184,97.12,370.27,1020
1408727,97.19,370.34,1023
1410270,97.19,370.34,993
1411812,97.19,370.34,1020
1413355,97.19,370.34,1023
1414897,97.19,370.34,997
1416440,97.12,370.27,1013
1417982,97.19,370.34,1023
1419526,97.12,370.27,1002
1421069,97.12,370.27,1009
1422611,97.12,370.27,1023
1424154,97.12,370.27,1005
1425696,97.19,370.34,1005
1427239,97.19,370.34,1023
1428782,97.19,370.34,1016
1430325,97.25,370.40,992
1431867,97.25,370.40,1023
1433410,97.25,370.40,1023
1434953,97.25,370.40,1004
1436495,97.25,370.40,997
1438039,97.31,370.46,1021
1439581,97.31,370.46,1023
1441124,97.31,370.46,1021
1442667,97.25,370.40,1000
1444209,97.25,370.40,993
1445752,97.31,370.46,1002
1447294,97.25,370.40,1019
1448838,97.25,370.40,1023
1450380,97.25,370.40,1023
1451923,97.25,370.40,1023
1453466,97.25,370.40,1005
1455008,97.25,370.40,993
1456551,97.31,370.46,1002
1458095,97.31,370.46,1023
1459637,97.37,370.52,1023
1461180,97.37,370.52,1023
1462723,97.37,370.52,1003
1464265,97.44,370.59,993
1465808,97.37,370.52,999
1467352,97.44,370.59,1013
1468894,97.44,370.59,1023
1470437,97.50,370.65,1023
1471980,97.50,370.65,1023
1473522,97.50,370.65,1023
1475065,97.50,370.65,1023
1476609,97.56,370.71,1023
1478152,97.56,370.71,1023
1479695,97.56,370.71,1019
1481238,97.62,370.77,1007
1482780,97.62,370.77,991
1484323,97.62,370.77,995
1485867,97.69,370.84,1005
1487410,97.69,370.84,1019
1488953,97.69,370.84,1023
1490496,97.69,370.84,1023
1492038,97.69,370.84,1022
1493581,97.69,370.84,1008
1495124,97.69,370.84,995
1496668,97.69,370.84,991
1498211,97.62,370.77,991
1499754,97.69,370.84,999
1501296,97.69,370.84,1014
1502839,97.69,370.84,1023
1504382,97.69,370.84,1023
1505926,97.69,370.84,992
1507469,97.69,370.84,1015
1509012,97.69,370.84,1023
1510555,97.69,370.84,989
1512097,97.75,370.90,1023
1513640,97.75,370.90,1023
1515184,97.75,370.90,1016
1516727,97.75,370.90,1016
1518270,97.75,370.90,1016
1519813,97.81,370.96,1015
1521356,97.81,370.96,987
1522899,97.81,370.96,1023
1524443,97.81,370.96,1023
1525986,97.81,370.96,1011
1527529,97.81,370.96,990
1529071,97.75,370.90,993
1530614,97.75,370.90,1012
1532157,97.81,370.96,1013
1533701,97.81,370.96,1017
1535244,97.81,370.96,1015
1536787,97.81,370.96,1015
1538330,97.81,370.96,1019
1539873,97.81,370.96,1013
1541416,97.81,370.96,1020
1542960,97.87,371.02,1015
1544503,97.81,370.96,1014
1546045,97.81,370.96,1003
1547588,97.81,370.96,1013
1549131,97.81,370.96,1016
1550674,97.81,370.96,1023
1552218,97.81,370.96,1015
1553761,97.81,370.96,1014
1555304,97.75,370.90,1015
1556847,97.75,370.90,1013
1558390,97.75,370.90,1008
1559932,97.75,370.90,1023
1561476,97.69,370.84,1023
1563019,97.69,370.84,1003
1564562,97.69,370.84,1011
1566105,97.69,370.84,1023
1567648,97.69,370.84,1007
1569191,97.75,370.90,1003
1570735,97.69,370.84,1023
1572277,97.75,370.90,1018
1573820,97.75,370.90,998
1575363,97.75,370.90,1012
1576906,97.75,370.90,1023
1578449,97.75,370.90,1023
1579993,97.75,370.90,1015
1581535,97.75,370.90,998
1583078,97.75,370.90,996
1584621,97.75,370.90,999
1586164,97.75,370.90,1005
1587707,97.75,370.90,1017
1589251,97.75,370.90,1023
1590794,97.75,370.90,1023
1592337,97.81,370.96,1023
1593879,97.81,370.96,1023
1595422,97.75,370.90,1017
1596965,97.75,370.90,1011
1598509,97.75,370.90,1009
1600052,97.75,370.90,1011
1601595,97.75,370.90,1006
1603138,97.75,370.90,1003
1604680,97.69,370.84,1005
1606223,97.75,370.90,1001
1607767,97.69,370.84,1000
1609310,97.75,370.90,999
1610853,97.69,370.84,1008
1612396,97.69,370.84,1010
1613939,97.75,370.90,1017
1615481,97.75,370.90,1015
1617025,97.75,370.90,1013
1618568,97.75,370.90,1015
1620111,97.75,370.90,1014
1621654,97.75,370.90,1012
1623197,97.81,370.96,1014
1624739,97.75,370.90,1015
1626283,97.75,370.90,1013
1627826,97.75,370.90,1015
1629369,97.75,370.90,1011
1630912,97.75,370.90,1014
1632455,97.75,370.90,1016
1633998,97.75,370.90,1016
1635542,97.69,370.84,1015
1637084,97.69,370.84,1013
1638627,97.69,370.84,1011
1640170,97.69,370.84,1013
1641713,97.69,370.84,1013
1643256,97.62,370.77,1015
1644798,97.62,370.77,1017
1646342,97.62,370.77,1016
1647885,97.69,370.84,1016
1649428,97.62,370.77,1014
1650971,97.62,370.77,1017
1652513,97.62,370.77,1017
1654056,97.62,370.77,1017
1655600,97.62,370.77,1015
